<?xml version='1.0' encoding='utf-8'?> 
<!DOCTYPE hibernate-configuration PUBLIC   
  "-//Hibernate/Hibernate Configuration DTD//EN"  
  "http://www.hibernate.org/dtd/hibernate-configuration-3.0.dtd">
<hibernate-configuration>
	<session-factory>
		<property name="connection.driver_class">com.mysql.jdbc.Driver</property>
		<property name="connection.url">jdbc:mysql://127.0.0.1:3306/ssh_shequzhuhu_sys?useSSL=false&amp;serverTimezone=Asia/Shanghai&amp;useUnicode=true&amp;characterEncoding=utf-8</property>
		<property name="connection.username">root</property>
		<property name="connection.password">orcl</property>

		<!-- JDBC connection pool (use the built-in) -->
		<property name="connection.pool_size">1</property>

		<!-- SQL dialect -->
		<property name="dialect">org.hibernate.dialect.MySQLDialect</property>

		<!-- Enable Hibernate's automatic session context management -->
		<property name="current_session_context_class">thread</property>

		<!-- Disable the second-level cache -->
		<property name="cache.provider_class">org.hibernate.cache.NoCacheProvider</property>

		<!-- Echo all executed SQL to stdout -->
		<property name="show_sql">true</property>

		<!-- Drop and re-create the database schema on startup -->
		<property name="hbm2ddl.auto">update</property>
		<mapping class="com.jypc.bean.CostBean" />
		<mapping class="com.jypc.bean.CostTypeBean" />
	</session-factory>
</hibernate-configuration>